"Players","Proj","Cost","RB","WR","TE","QB","K","DST","Flex","SFlex"
"Cooper Kupp",236.2,50,0,1,0,0,0,0,1,1
"Ja'Marr Chase",209.4,40,0,1,0,0,0,0,1,1
"Justin Jefferson",208.7,40,0,1,0,0,0,0,1,1
"Deebo Samuel",206.4,39,0,1,0,0,0,0,1,1
"Davante Adams",186.7,31,0,1,0,0,0,0,1,1
"Stefon Diggs",178.2,28,0,1,0,0,0,0,1,1
"Mike Evans",173.8,26,0,1,0,0,0,0,1,1
"CeeDee Lamb",173.4,26,0,1,0,0,0,0,1,1
"Tyreek Hill",170.3,25,0,1,0,0,0,0,1,1
"Tee Higgins",165.6,23,0,1,0,0,0,0,1,1
"A.J. Brown",162,22,0,1,0,0,0,0,1,1
"Mike Williams",156.7,20,0,1,0,0,0,0,1,1
"Michael Pittman Jr.",154.6,19,0,1,0,0,0,0,1,1
"DJ Moore",151.4,18,0,1,0,0,0,0,1,1
"Brandin Cooks",150.4,17,0,1,0,0,0,0,1,1
"Keenan Allen",149.1,17,0,1,0,0,0,0,1,1
"Gabriel Davis",148.5,17,0,1,0,0,0,0,1,1
"DK Metcalf",145.8,16,0,1,0,0,0,0,1,1
"Diontae Johnson",142.8,14,0,1,0,0,0,0,1,1
"Terry McLaurin",141.9,14,0,1,0,0,0,0,1,1
"Courtland Sutton",140.1,13,0,1,0,0,0,0,1,1
"Jaylen Waddle",139.5,13,0,1,0,0,0,0,1,1
"Michael Thomas",137.3,12,0,1,0,0,0,0,1,1
"Amon-Ra St. Brown",137,12,0,1,0,0,0,0,1,1
"Jerry Jeudy",136.8,12,0,1,0,0,0,0,1,1
"Darnell Mooney",135.1,12,0,1,0,0,0,0,1,1
"Tyler Lockett",133.6,11,0,1,0,0,0,0,1,1
"Chris Godwin",133.2,11,0,1,0,0,0,0,1,1
"Elijah Moore",132.4,10,0,1,0,0,0,0,1,1
"Marquise Brown",130.9,10,0,1,0,0,0,0,1,1
"Adam Thielen",129.8,9,0,1,0,0,0,0,1,1
"Amari Cooper",128.6,9,0,1,0,0,0,0,1,1
"JuJu Smith-Schuster",127.5,9,0,1,0,0,0,0,1,1
"Allen Robinson II",126.9,8,0,1,0,0,0,0,1,1
"Hunter Renfrow",125.9,8,0,1,0,0,0,0,1,1
"Robert Woods",125.3,8,0,1,0,0,0,0,1,1
"Rashod Bateman",122.7,7,0,1,0,0,0,0,1,1
"DeVonta Smith",119.1,6,0,1,0,0,0,0,1,1
"Chase Claypool",118.4,6,0,1,0,0,0,0,1,1
"Brandon Aiyuk",117.5,6,0,1,0,0,0,0,1,1
"Treylon Burks",116.2,5,0,1,0,0,0,0,1,1
"Allen Lazard",116.1,5,0,1,0,0,0,0,1,1
"Christian Kirk",114.4,5,0,1,0,0,0,0,1,1
"Drake London",113.5,5,0,1,0,0,0,0,1,1
"Mecole Hardman",107.8,3,0,1,0,0,0,0,1,1
"DeAndre Hopkins",106.7,3,0,1,0,0,0,0,1,1
"Kenny Golladay",105.4,3,0,1,0,0,0,0,1,1
"Marquez Valdes-Scantling",104.7,2,0,1,0,0,0,0,1,1
"Kadarius Toney",104.3,2,0,1,0,0,0,0,1,1
"Jakobi Meyers",104.1,2,0,1,0,0,0,0,1,1
"DeVante Parker",103.3,2,0,1,0,0,0,0,1,1
"Russell Gage",102.1,2,0,1,0,0,0,0,1,1
"Tyler Boyd",100.4,1,0,1,0,0,0,0,1,1
"Michael Gallup",99.7,1,0,1,0,0,0,0,1,1
"Jarvis Landry",98.9,1,0,1,0,0,0,0,1,1
"Chris Olave",98.5,1,0,1,0,0,0,0,1,1
"Robbie Anderson",98.4,1,0,1,0,0,0,0,1,1
"Garrett Wilson",97.6,0,0,1,0,0,0,0,1,1
"Marvin Jones Jr.",95.2,0,0,1,0,0,0,0,1,1
"DJ Chark Jr.",93.4,0,0,1,0,0,0,0,1,1
"Corey Davis",90.8,0,0,1,0,0,0,0,1,1
"Jahan Dotson",88.6,0,0,1,0,0,0,0,1,1
"Van Jefferson",88.1,0,0,1,0,0,0,0,1,1
"Jalen Tolbert",87.9,0,0,1,0,0,0,0,1,1
"George Pickens",87.6,0,0,1,0,0,0,0,1,1
"Skyy Moore",86.9,0,0,1,0,0,0,0,1,1
"K.J. Osborn",85,0,0,1,0,0,0,0,1,1
"Donovan Peoples-Jones",84.4,0,0,1,0,0,0,0,1,1
"Nico Collins",84.2,0,0,1,0,0,0,0,1,1
"Curtis Samuel",83.7,0,0,1,0,0,0,0,1,1
"Julio Jones",82.9,0,0,1,0,0,0,0,1,1
"Rondale Moore",82.2,0,0,1,0,0,0,0,1,1
"Parris Campbell",80.6,0,0,1,0,0,0,0,1,1
"Joshua Palmer",80.2,0,0,1,0,0,0,0,1,1
"Randall Cobb",78.1,0,0,1,0,0,0,0,1,1
"Alec Pierce",76.7,0,0,1,0,0,0,0,1,1
"Kendrick Bourne",75,0,0,1,0,0,0,0,1,1
"Christian Watson",72.5,0,0,1,0,0,0,0,1,1
"Sterling Shepard",71.8,0,0,1,0,0,0,0,1,1
"KJ Hamler",70.7,0,0,1,0,0,0,0,1,1
"Nick Westbrook-Ikhine",70.3,0,0,1,0,0,0,0,1,1
"Jameson Williams",70.3,0,0,1,0,0,0,0,1,1
"A.J. Green",68,0,0,1,0,0,0,0,1,1
"Bryan Edwards",67.8,0,0,1,0,0,0,0,1,1
"Devin Duvernay",66.5,0,0,1,0,0,0,0,1,1
"Jamison Crowder",65.3,0,0,1,0,0,0,0,1,1
"Zay Jones",64.3,0,0,1,0,0,0,0,1,1
"Byron Pringle",63.8,0,0,1,0,0,0,0,1,1
"Cedrick Wilson Jr.",63.3,0,0,1,0,0,0,0,1,1
"Laviska Shenault Jr.",62.3,0,0,1,0,0,0,0,1,1
"Sammy Watkins",60.6,0,0,1,0,0,0,0,1,1
"James Washington",59.3,0,0,1,0,0,0,0,1,1
"Wan'Dale Robinson",58.3,0,0,1,0,0,0,0,1,1
"Chris Conley",55.8,0,0,1,0,0,0,0,1,1
"Nelson Agholor",55.7,0,0,1,0,0,0,0,1,1
"David Bell",55.3,0,0,1,0,0,0,0,1,1
"Braxton Berrios",55.2,0,0,1,0,0,0,0,1,1
"Romeo Doubs",53.1,0,0,1,0,0,0,0,1,1
"Olamide Zaccheaus",51.1,0,0,1,0,0,0,0,1,1
"Terrace Marshall Jr.",50.6,0,0,1,0,0,0,0,1,1
"Velus Jones Jr.",50.5,0,0,1,0,0,0,0,1,1
"Jonathan Taylor",291.6,76,1,0,0,0,0,0,1,1
"Derrick Henry",265,64,1,0,0,0,0,0,1,1
"Austin Ekeler",250.5,58,1,0,0,0,0,0,1,1
"Christian McCaffrey",249,57,1,0,0,0,0,0,1,1
"Joe Mixon",225.3,47,1,0,0,0,0,0,1,1
"Dalvin Cook",220.5,45,1,0,0,0,0,0,1,1
"Alvin Kamara",218.8,44,1,0,0,0,0,0,1,1
"Najee Harris",213.6,42,1,0,0,0,0,0,1,1
"Leonard Fournette",202.6,37,1,0,0,0,0,0,1,1
"James Conner",201,37,1,0,0,0,0,0,1,1
"Aaron Jones",198.5,36,1,0,0,0,0,0,1,1
"Nick Chubb",197.1,35,1,0,0,0,0,0,1,1
"Javonte Williams",196.4,35,1,0,0,0,0,0,1,1
"Saquon Barkley",195.1,34,1,0,0,0,0,0,1,1
"D'Andre Swift",189.8,32,1,0,0,0,0,0,1,1
"David Montgomery",183.1,29,1,0,0,0,0,0,1,1
"Ezekiel Elliott",180.2,28,1,0,0,0,0,0,1,1
"Breece Hall",176.8,26,1,0,0,0,0,0,1,1
"Cam Akers",176.4,26,1,0,0,0,0,0,1,1
"J.K. Dobbins",174.7,26,1,0,0,0,0,0,1,1
"Elijah Mitchell",172.1,24,1,0,0,0,0,0,1,1
"Damien Harris",172,24,1,0,0,0,0,0,1,1
"Josh Jacobs",171.2,24,1,0,0,0,0,0,1,1
"Miles Sanders",164.1,21,1,0,0,0,0,0,1,1
"Travis Etienne Jr.",162.6,21,1,0,0,0,0,0,1,1
"Clyde Edwards-Helaire",150.1,17,1,0,0,0,0,0,1,1
"AJ Dillon",148.4,17,1,0,0,0,0,0,1,1
"Rashaad Penny",148.4,17,1,0,0,0,0,0,1,1
"Devin Singletary",148,16,1,0,0,0,0,0,1,1
"Antonio Gibson",146.9,16,1,0,0,0,0,0,1,1
"Tony Pollard",143.5,15,1,0,0,0,0,0,1,1
"Cordarrelle Patterson",142,15,1,0,0,0,0,0,1,1
"Rhamondre Stevenson",141.3,15,1,0,0,0,0,0,1,1
"Melvin Gordon III",129.3,11,1,0,0,0,0,0,1,1
"Chase Edmonds",127.2,11,1,0,0,0,0,0,1,1
"Kareem Hunt",127.1,10,1,0,0,0,0,0,1,1
"James Robinson",107.2,8,1,0,0,0,0,0,1,1
"Brian Robinson Jr.",107,8,1,0,0,0,0,0,1,1
"Ken Walker III",105.6,7,1,0,0,0,0,0,1,1
"Michael Carter",101.5,7,1,0,0,0,0,0,1,1
"Darrell Henderson Jr.",100.5,7,1,0,0,0,0,0,1,1
"James Cook",100.3,7,1,0,0,0,0,0,1,1
"Dameon Pierce",100.3,7,1,0,0,0,0,0,1,1
"Marlon Mack",98.8,6,1,0,0,0,0,0,1,1
"Jamaal Williams",95.7,6,1,0,0,0,0,0,1,1
"Raheem Mostert",93.7,6,1,0,0,0,0,0,1,1
"Kenneth Gainwell",92,5,1,0,0,0,0,0,1,1
"Gus Edwards",86.6,5,1,0,0,0,0,0,1,1
"Mark Ingram II",86.5,5,1,0,0,0,0,0,1,1
"Alexander Mattison",86.4,5,1,0,0,0,0,0,1,1
"Isaiah Spiller",82.7,4,1,0,0,0,0,0,1,1
"Tyler Allgeier",81.5,4,1,0,0,0,0,0,1,1
"Nyheim Hines",80.5,4,1,0,0,0,0,0,1,1
"Rachaad White",77.5,3,1,0,0,0,0,0,1,1
"J.D. McKissic",75.1,3,1,0,0,0,0,0,1,1
"Rex Burkhead",74.5,3,1,0,0,0,0,0,1,1
"Khalil Herbert",71.4,3,1,0,0,0,0,0,1,1
"Darrel Williams",70.3,2,1,0,0,0,0,0,1,1
"Zamir White",61.9,1,1,0,0,0,0,0,1,1
"D'Onta Foreman",60.6,1,1,0,0,0,0,0,1,1
"Jerick McKinnon",59.3,0,1,0,0,0,0,0,1,1
"Damien Williams",57.5,0,1,0,0,0,0,0,1,1
"Sony Michel",56.9,0,1,0,0,0,0,0,1,1
"Ronald Jones II",55.6,0,1,0,0,0,0,0,1,1
"Boston Scott",53.2,0,1,0,0,0,0,0,1,1
"Isiah Pacheco",52.3,0,1,0,0,0,0,0,1,1
"Dontrell Hilliard",51.4,0,1,0,0,0,0,0,1,1
"Matt Breida",50.2,0,1,0,0,0,0,0,1,1
"Samaje Perine",49,0,1,0,0,0,0,0,1,1
"Hassan Haskins",46,0,1,0,0,0,0,0,1,1
"Tyrion Davis-Price",44.4,0,1,0,0,0,0,0,1,1
"Ameer Abdullah",43.8,0,1,0,0,0,0,0,1,1
"Chuba Hubbard",41,0,1,0,0,0,0,0,1,1
"Tyler Goodson",40.2,0,1,0,0,0,0,0,1,1
"Ke'Shawn Vaughn",35.6,0,1,0,0,0,0,0,1,1
"D'Ernest Johnson",35.4,0,1,0,0,0,0,0,1,1
"Kyle Juszczyk",35.2,0,1,0,0,0,0,0,1,1
"Phillip Lindsay",35,0,1,0,0,0,0,0,1,1
"Justin Jackson",33.3,0,1,0,0,0,0,0,1,1
"Joshua Kelley",32.7,0,1,0,0,0,0,0,1,1
"Jeff Wilson Jr.",32.5,0,1,0,0,0,0,0,1,1
"Eno Benjamin",31.7,0,1,0,0,0,0,0,1,1
"Brandon Bolden",31.4,0,1,0,0,0,0,0,1,1
"Chris Evans",29.3,0,1,0,0,0,0,0,1,1
"Mike Davis",27.9,0,1,0,0,0,0,0,1,1
"Tevin Coleman",27.8,0,1,0,0,0,0,0,1,1
"Josh Allen",401.3,33,0,0,0,1,0,0,0,1
"Patrick Mahomes II",372.8,25,0,0,0,1,0,0,0,1
"Justin Herbert",355.9,20,0,0,0,1,0,0,0,1
"Lamar Jackson",352.4,19,0,0,0,1,0,0,0,1
"Kyler Murray",351.1,19,0,0,0,1,0,0,0,1
"Jalen Hurts",349.6,18,0,0,0,1,0,0,0,1
"Tom Brady",337.6,15,0,0,0,1,0,0,0,1
"Dak Prescott",336.8,15,0,0,0,1,0,0,0,1
"Joe Burrow",323.8,11,0,0,0,1,0,0,0,1
"Aaron Rodgers",318,10,0,0,0,1,0,0,0,1
"Matthew Stafford",316,9,0,0,0,1,0,0,0,1
"Trey Lance",315.1,9,0,0,0,1,0,0,0,1
"Russell Wilson",306.7,7,0,0,0,1,0,0,0,1
"Kirk Cousins",298.7,6,0,0,0,1,0,0,0,1
"Derek Carr",295.3,5,0,0,0,1,0,0,0,1
"Tua Tagovailoa",280.3,2,0,0,0,1,0,0,0,1
"Ryan Tannehill",277.4,2,0,0,0,1,0,0,0,1
"Trevor Lawrence",275.1,1,0,0,0,1,0,0,0,1
"Justin Fields",270.1,1,0,0,0,1,0,0,0,1
"Daniel Jones",263.8,0,0,0,0,1,0,0,0,1
"Matt Ryan",261.8,0,0,0,0,1,0,0,0,1
"Mac Jones",258.5,0,0,0,0,1,0,0,0,1
"Jameis Winston",257.9,0,0,0,0,1,0,0,0,1
"Carson Wentz",253.1,0,0,0,0,1,0,0,0,1
"Jared Goff",247.8,0,0,0,0,1,0,0,0,1
"Zach Wilson",240.5,0,0,0,0,1,0,0,0,1
"Baker Mayfield",238.2,0,0,0,0,1,0,0,0,1
"Davis Mills",230.7,0,0,0,0,1,0,0,0,1
"Marcus Mariota",212.7,0,0,0,0,1,0,0,0,1
"Mitch Trubisky",185.6,0,0,0,0,1,0,0,0,1
"Drew Lock",155.3,0,0,0,0,1,0,0,0,1
"Jacoby Brissett",149.6,0,0,0,0,1,0,0,0,1
"Deshaun Watson",124.7,0,0,0,0,1,0,0,0,1
"Kenny Pickett",93.7,0,0,0,0,1,0,0,0,1
"Travis Kelce",172.6,37,0,0,1,0,0,0,1,1
"Mark Andrews",172.1,36,0,0,1,0,0,0,1,1
"Kyle Pitts",126.7,18,0,0,1,0,0,0,1,1
"Darren Waller",122.6,16,0,0,1,0,0,0,1,1
"George Kittle",118.6,15,0,0,1,0,0,0,1,1
"Dalton Schultz",116.6,14,0,0,1,0,0,0,1,1
"Dallas Goedert",108.6,11,0,0,1,0,0,0,1,1
"T.J. Hockenson",99.3,7,0,0,1,0,0,0,1,1
"Hunter Henry",97.9,6,0,0,1,0,0,0,1,1
"Dawson Knox",96.1,5,0,0,1,0,0,0,1,1
"Zach Ertz",94,5,0,0,1,0,0,0,1,1
"Mike Gesicki",90.5,3,0,0,1,0,0,0,1,1
"Noah Fant",87.6,2,0,0,1,0,0,0,1,1
"Tyler Higbee",86.7,2,0,0,1,0,0,0,1,1
"David Njoku",85.5,2,0,0,1,0,0,0,1,1
"Pat Freiermuth",85.5,2,0,0,1,0,0,0,1,1
"Cole Kmet",84.8,2,0,0,1,0,0,0,1,1
"Irv Smith Jr.",82.5,1,0,0,1,0,0,0,1,1
"Gerald Everett",82.3,1,0,0,1,0,0,0,1,1
"Robert Tonyan",78.9,0,0,0,1,0,0,0,1,1
"Albert Okwuegbunam",77.4,0,0,0,1,0,0,0,1,1
"Logan Thomas",77,0,0,0,1,0,0,0,1,1
"Evan Engram",74.6,0,0,0,1,0,0,0,1,1
"Austin Hooper",73.2,0,0,0,1,0,0,0,1,1
"Hayden Hurst",67.1,0,0,0,1,0,0,0,1,1
"Mo Alie-Cox",61.4,0,0,0,1,0,0,0,1,1
"Brevin Jordan",59.1,0,0,0,1,0,0,0,1,1
"Adam Trautman",53.7,0,0,0,1,0,0,0,1,1
"Kyle Rudolph",52.5,0,0,0,1,0,0,0,1,1
"C.J. Uzomah",52.3,0,0,0,1,0,0,0,1,1
"Cameron Brate",50.2,0,0,0,1,0,0,0,1,1
"Justin Tucker",129.8,1,0,0,0,0,1,0,0,0
"Harrison Butker",129.4,1,0,0,0,0,1,0,0,0
"Daniel Carlson",129.3,1,0,0,0,0,1,0,0,0
"Matt Gay",128.9,1,0,0,0,0,1,0,0,0
"Ryan Succop",127.3,1,0,0,0,0,1,0,0,0
"Tyler Bass",126.7,1,0,0,0,0,1,0,0,0
"Greg Joseph",126.5,1,0,0,0,0,1,0,0,0
"Matt Prater",125.3,1,0,0,0,0,1,0,0,0
"Mason Crosby",124.8,1,0,0,0,0,1,0,0,0
"Evan McPherson",124.5,1,0,0,0,0,1,0,0,0
"Nick Folk",123.9,1,0,0,0,0,1,0,0,0
"Rodrigo Blankenship",122.8,1,0,0,0,0,1,0,0,0
"Robbie Gould",122.2,0,0,0,0,0,1,0,0,0
"Brandon McManus",121.5,0,0,0,0,0,1,0,0,0
"Dustin Hopkins",120.5,0,0,0,0,0,1,0,0,0
"Chris Boswell",119.7,0,0,0,0,0,1,0,0,0
"Randy Bullock",116.6,0,0,0,0,0,1,0,0,0
"Younghoe Koo",116.3,0,0,0,0,0,1,0,0,0
"Jake Elliott",115.9,0,0,0,0,0,1,0,0,0
"Wil Lutz",115.8,0,0,0,0,0,1,0,0,0
"Jason Sanders",114.4,0,0,0,0,0,1,0,0,0
"Graham Gano",112.7,0,0,0,0,0,1,0,0,0
"Cairo Santos",112.4,0,0,0,0,0,1,0,0,0
"Austin Seibert",112.4,0,0,0,0,0,1,0,0,0
"Tampa Bay Buccaneers",114.9,2,0,0,0,0,0,1,0,0
"Buffalo Bills",113.6,2,0,0,0,0,0,1,0,0
"Pittsburgh Steelers",113.3,2,0,0,0,0,0,1,0,0
"Green Bay Packers",112.5,1,0,0,0,0,0,1,0,0
"Dallas Cowboys",112.4,1,0,0,0,0,0,1,0,0
"Los Angeles Rams",110.8,1,0,0,0,0,0,1,0,0
"New Orleans Saints",109.5,1,0,0,0,0,0,1,0,0
"Miami Dolphins",109.4,1,0,0,0,0,0,1,0,0
"Los Angeles Chargers",109.1,1,0,0,0,0,0,1,0,0
"San Francisco 49ers",109,1,0,0,0,0,0,1,0,0
"Indianapolis Colts",106.8,1,0,0,0,0,0,1,0,0
"New England Patriots",105.7,1,0,0,0,0,0,1,0,0
"Minnesota Vikings",105.5,0,0,0,0,0,0,1,0,0
"Cleveland Browns",105.3,0,0,0,0,0,0,1,0,0
"Kansas City Chiefs",104.7,0,0,0,0,0,0,1,0,0
"Arizona Cardinals",103.8,0,0,0,0,0,0,1,0,0
"Denver Broncos",102.5,0,0,0,0,0,0,1,0,0
"Tennessee Titans",102,0,0,0,0,0,0,1,0,0
"Cincinnati Bengals",101.9,0,0,0,0,0,0,1,0,0
"Washington Commanders",101.8,0,0,0,0,0,0,1,0,0
"Baltimore Ravens",101.8,0,0,0,0,0,0,1,0,0
"Chicago Bears",101.6,0,0,0,0,0,0,1,0,0
"Carolina Panthers",99.8,0,0,0,0,0,0,1,0,0
"Philadelphia Eagles",99.3,0,0,0,0,0,0,1,0,0
"New York Giants",97.2,0,0,0,0,0,0,1,0,0
"Seattle Seahawks",94.5,0,0,0,0,0,0,1,0,0
"Houston Texans",93.7,0,0,0,0,0,0,1,0,0
"Jacksonville Jaguars",93.7,0,0,0,0,0,0,1,0,0
"Las Vegas Raiders",93.4,0,0,0,0,0,0,1,0,0
"New York Jets",93.2,0,0,0,0,0,0,1,0,0
"Detroit Lions",92.5,0,0,0,0,0,0,1,0,0
"Atlanta Falcons",87.6,0,0,0,0,0,0,1,0,0
